Parm,x
sdNase,-1.541148061
ymax21a,1.179943582
ymax21b,1.128490822
ymax21c,1.374664592
ymax26a,1.217216219
ymax26b,1.10211117
ymax26c,1.29610343
ymax31a,1.02048397
ymax31b,1.105303264
ymax31c,0.867276223
Tmax,46.92741076
a,-18.33811331
b,1.112829941
c,25.91686986
d,0.344475953
